 {"Result":"Success","Answer":
 [{"Id":1,"Image":"AIDA2021.jpg","Name":"7th International Conference in Dermatology and Aesthetics","Day":"2021-09-16",
    "Hour":"08:00","Country":"UAE","City":"Abu Dhabi","ImageAds":null,"LinkAds":null,"Default":false,
    "Splash":"fb90667382b749f4939f37117a13ba16.png","SplshText":"test","SplashAds":null,"SplashAdsLink":null,
    "EventDates":
        [],
    "Fucilties":[]},


    {"Id":2,"Image":"ads5.jpg","Name":"4th Emirates Paediatric Haematology & Oncology Conference","Day":"2021-09-02",
    "Hour":"10:00","Country":"UAE","City":"Abu Dhabi","ImageAds":null,"LinkAds":null,"Default":false,
    "Splash":"1eb4189cc6f94c21b585ec9da963a9fd.png","SplshText":"test","SplashAds":null,"SplashAdsLink":null,
    "EventDates":[{"Day":"2021-09-24","Hour":"09:00","Year":"2021"},
        {"Day":"2021-09-25","Hour":"09:00","Year":"2021"},
         {"Day":"2021-09-26","Hour":"09:00","Year":"2021"}],
    "Fucilties":[{"Image":"9d58a1e76031421a848bc006cd5f80c7.png","Id":293},
        {"Image":"5c62b023aeb243a48d0573ccbdb8f79b.png","Id":294},
        {"Image":"9c914ea5d2e943c588352a5d7ec5a0f7.png","Id":295},
        {"Image":"c268c2ed748c45bb91d2aae372e5bdc7.png","Id":296},
        {"Image":"411318b8d8d0416c86554a44befacdcb.png","Id":297}]},
 
 
 {"Id":3,"Image":"Seha.jpeg","Name":"SEHA International Clinical Pharmacy Conference","Day":"2021-10-03","Hour":"10:00","Country":"UAE","
 City":"Abu Dhabi","ImageAds":null,"LinkAds":null,"Default":false,"Splash":"1eb4189cc6f94c21b585ec9da963a9fd.png",
 "SplshText":"test","SplashAds":null,"SplashAdsLink":null,"EventDates":[{"Day":"2021-10-01",
 "Hour":"08:00","Year":"2021"},{"Day":"2021-10-02","Hour":"09:00","Year":"2021"},
 {"Day":"2021-10-03","Hour":"09:00","Year":"2021"}],"Fucilties":
 [{"Image":"e2b711ef3d8d4094acc2fcb30767e5ac.png","Id":358},{"Image":"4c374027ae664900a2c744ff9cd32838.jpg","Id":359},
 {"Image":"f873ab05d04f43a395790939c7c11ba6.jpg","Id":360},{"Image":"1a48ebbb80854d8aae69bc6dd6b305df.jpg","Id":361},
 {"Image":"f06c88e43b8543dea7aa9b2b4c883e93.jpg","Id":362}]},
 {"Id":6,"Image":"eafb68b9203c427a904db4bce318c82f.png","Name":"Abu Dhabi Annual International Conference on Vitamin D Deficiency and Human Health",
 "Day":"2021-10-08","Hour":"11:00","Country":"UAE","City":"Abu Dhabi","ImageAds":null,"LinkAds":null,"Default":false,
 "Splash":"e85f5f37d5604518b9ba930e46678b48.png","SplshText":"test","SplashAds":null,"SplashAdsLink":null,
 "EventDates":[{"Day":"2021-10-07","Hour":"11:00","Year":"2021"},{"Day":"2021-10-08","Hour":"11:00","Year":"2021"},
 {"Day":"2021-10-09","Hour":"11:00","Year":"2021"}],"Fucilties":[{"Image":"f02093c3314e423ba3c60d90859ee119.jpg","Id":419}
 {"Image":"f12dbe3ab74e4ef68ad195a4a0d2e356.jpg","Id":420},{"Image":"b5c9606aea9c479f84c5b94e2d4b022c.jpg","Id":421},
 {"Image":"10b21ec6f9704a938e969b8f8ae1dd6d.jpg","Id":422},{"Image":"6679fd91a3fc42aeabb49e0ad02bc924.png","Id":423}]},
 {"Id":8,"Image":"0a552168b3064933b35416d50b5e42f1.png","Name":"11th International Neonatology Conference on “Hottest Topics in Neonatal Medicine” | 14-16  October, 2021, Virtual Conference, Abu Dhabi, UAE","Day":"2021-10-14","Hour":"09:00","Country":"UAE","City":"Abu Dhabi","ImageAds":null,"LinkAds":null,"Default":false,"Splash":"4b7e33e4ffd44204a78e765bc12c45bc.png","SplshText":"test","SplashAds":null,"SplashAdsLink":null,"EventDates":[{"Day":"2021-10-14","Hour":"11:00","Year":"2021"},{"Day":"2021-10-15","Hour":"12:00","Year":"2021"},{"Day":"2021-10-16","Hour":"10:00","Year":"2021"},{"Day":"2021-10-17","Hour":"10:00","Year":"2021"}],"Fucilties":[{"Image":"f1c5c410eda44a8da545feec22ba1154.jpg","Id":463},{"Image":"4a7e76da538448b49bc5fa02694b5368.jpg","Id":464},{"Image":"8d1609147c044346be3bbd918932ed11.jpg","Id":465},{"Image":"93b511c68a4b4899a90e0964f6ae86bd.jpg","Id":466},{"Image":"d16ae7df0cc64ccc9b62c5008e193902.jpg","Id":467}]},{"Id":9,"Image":"0d7ccd3cde8741858fed245af88aa678.png","Name":"1st Al Qassimi Women's and Children's Hospital International Pediatric Conference”  21-23 October 2021 | Virtual Conference, Sharjah, UAE","Day":"2021-10-21","Hour":"10:00","Country":"UAE","City":"Abu Dhabi","ImageAds":null,"LinkAds":null,"Default":false,"Splash":"218b88dbc8b54435b7095b2e50ded98f.png","SplshText":"test","SplashAds":null,"SplashAdsLink":null,"EventDates":[{"Day":"2021-10-21","Hour":"10:00","Year":"2021"},{"Day":"2021-10-22","Hour":"10:00","Year":"2021"},{"Day":"2021-10-23","Hour":"10:00","Year":"2021"},{"Day":"2021-10-24","Hour":"10:00","Year":"2021"}],"Fucilties":[{"Image":"29e475b06ce547308d13b6c9cc39c8b6.jpg","Id":497},{"Image":"c693a48ad7004714952a52b2505ab79f.jpg","Id":498},{"Image":"29312056b61e4015a3bb3aaba740bada.jpg","Id":499},{"Image":"dbc8052343e5475ab0d08bd694cdad73.jpg","Id":500},{"Image":"3036ee3afc774d76817455f20046eccd.jpg","Id":501}]},{"Id":10,"Image":"07d5fdc095a947df9983e3f17f662687.png","Name":"Abu Dhabi Healthcare Quality Summit on 4-5 November, 2021 | Virtual Conference","Day":"2021-11-04","Hour":"09:00","Country":"UAE","City":"Abu Dhabi","ImageAds":null,"LinkAds":null,"Default":false,"Splash":"09b98bca2e5244febfdfe7dbe6a06a8e.png","SplshText":"test","SplashAds":null,"SplashAdsLink":null,"EventDates":[{"Day":"2021-11-04","Hour":"09:00","Year":"2021"},{"Day":"2021-11-05","Hour":"09:00","Year":"2021"},{"Day":"2021-11-06","Hour":"09:00","Year":"2021"}],"Fucilties":[{"Image":"59f91167c3db4508a7ebbc6040a292a5.jpg","Id":591},{"Image":"54d054039011435ea12b838e887860df.jpg","Id":592},{"Image":"a636d1caab3b499c81a81fbd6914a585.jpg","Id":594},{"Image":"1bd14754006c4a9983db433762da6bd0.jpg","Id":595},{"Image":"997da12b0eb74408aced76f2448224fa.jpg","Id":596}]},{"Id":11,"Image":"503b19be2ee54ca2849320f24f60873a.png","Name":"9th Emirates Oncology Conference -  12 & 13 – 19 & 20 November, 2021  Virtual Conference","Day":"2021-11-19","Hour":"14:40","Country":"UAE","City":"Abu Dhabi","ImageAds":null,"LinkAds":null,"Default":false,"Splash":"nophoto.jpg","SplshText":"test","SplashAds":null,"SplashAdsLink":null,"EventDates":[{"Day":"2021-11-19","Hour":"14:45","Year":"2021"},{"Day":"2021-11-20","Hour":"14:45","Year":"2021"},{"Day":"2021-11-21","Hour":"14:45","Year":"2021"}],"Fucilties":[{"Image":"f85e2ff8c3074ca1b906bd23210aa225.jpg","Id":691},{"Image":"4df79bfe5a264398b28e1abbac6f99b3.jpg","Id":692},{"Image":"b9fc70abb62544d28d655c2b6e6e2439.jpg","Id":693},{"Image":"deaad732e4534325bc5acd5cd771ffd4.jpg","Id":694},{"Image":"a949eaddbe7042c985c11822c4ff0162.png","Id":695}]},{"Id":12,"Image":"9a26977abb1d4813a1299d60bdaa235f.png","Name":"5th International Conference on Prevention and Control of Infection","Day":"2021-11-15","Hour":"08:00","Country":"UAE","City":"Abu Dhabi","ImageAds":null,"LinkAds":null,"Default":false,"Splash":"nophoto.jpg","SplshText":"test","SplashAds":null,"SplashAdsLink":null,"EventDates":[{"Day":"2021-11-15","Hour":"09:11","Year":"2021"},{"Day":"2021-11-16","Hour":"09:00","Year":"2021"},{"Day":"2021-11-17","Hour":"09:00","Year":"2021"},{"Day":"2021-11-18","Hour":"09:00","Year":"2021"}],"Fucilties":[{"Image":"30e765e7db44448eb276ffb89c3f212f.jpg","Id":794},{"Image":"19858d92831c4c25aee53f2b226de833.jpg","Id":795},{"Image":"ac09e47cc575413fa20010a531315bb3.jpg","Id":796},{"Image":"000dd3c9ec8b47749954b20e57014cae.jpg","Id":797},{"Image":"ea1dee56ce7f440c9dae4ee3f05f6384.jpg","Id":798}]},{"Id":13,"Image":"e7e51b16f6014ebf891fc894c64557c9.png","Name":"XIV World Congress of World Association For Psychosocial Rehabilitation (WAPR) and 7th Abu Dhabi International Mental Health Conference","Day":"2021-12-09","Hour":"08:00","Country":"UAE","City":"Abu Dhabi","ImageAds":null,"LinkAds":null,"Default":false,"Splash":"0dfee24f05624fef86f5e23126dfe534.png","SplshText":"test","SplashAds":null,"SplashAdsLink":null,"EventDates":[{"Day":"2021-12-09","Hour":"08:00","Year":"2021"},{"Day":"2021-12-09","Hour":"08:00","Year":"2021"},{"Day":"2021-12-010","Hour":"08:00","Year":"2021"}],"Fucilties":[{"Image":"d01e57932ef24b378d77a21dfde87f8c.png","Id":840},{"Image":"fa2a1b2c78b1411182d3fe93836b561b.png","Id":841},{"Image":"a7b325bcf6094c2295bd35cfe7c7ab10.png","Id":842},{"Image":"5de86e51bdb44ff1a7de06798fbe4fde.png","Id":843},{"Image":"eac7e181558348ad8627d7b4e12c1802.png","Id":844}]},{"Id":15,"Image":"615139f86c6c410cad1c38726cf67737.png","Name":"9th International Oncology Conference on 16-17 December, 2021","Day":"2021-12-15","Hour":"08:00","Country":"UAE","City":"Abu Dhabi","ImageAds":null,"LinkAds":null,"Default":false,"Splash":"2679a5176bcf442eaab99d6a65978208.png","SplshText":"test","SplashAds":"7bfe456c25ea47e3b821dbc1ea3b8bf3.png","SplashAdsLink":"https://backendweb.uaehybrid.com/","EventDates":[{"Day":"2021-12-15","Hour":"08:00","Year":"2021"},{"Day":"2021-12-16","Hour":"08:00","Year":"2021"},{"Day":"2021-12-17","Hour":"08:00","Year":"2021"}],"Fucilties":[{"Image":"8119578693794c599c1a9c4cc17acf66.jpg","Id":962},{"Image":"f4bfef6bdf414675a14bb83d674b65d0.jpg","Id":963},{"Image":"159179d36c384f4989c05a49c1dbf366.jpg","Id":964},{"Image":"30fac408a46a4ac7b0e5c333883b0a20.jpg","Id":965},{"Image":"a377b06cdbad467da9c71e32724056f0.jpg","Id":966}]},{"Id":21,"Image":"0b1cefb2fa7d48e198f863475fd995b9.jpeg","Name":"test","Day":"2022-01-24","Hour":"08:00","Country":"UAE","City":"Abu Dhabi","ImageAds":null,"LinkAds":null,"Default":false,"Splash":"bc8cd866768343399ca83e3ad2d33ce4.png","SplshText":"","SplashAds":"7bfe456c25ea47e3b821dbc1ea3b8bf3.png","SplashAdsLink":"https://backendweb.uaehybrid.com/","EventDates":[{"Day":"2022-01-24","Hour":"08:00","Year":"2022"},{"Day":"2022-01-29","Hour":"08:00","Year":"2022"},{"Day":"2022-01-30","Hour":"08:00","Year":"2022"},{"Day":"2022-01-31","Hour":"08:00","Year":"2022"}],"Fucilties":[]},{"Id":22,"Image":"ea31a3454dd34004aebb83bc52e56c21.png","Name":"3rd Emirates Pediatric Endocrine Conference","Day":"2022-02-18","Hour":"08:00","Country":"UAE","City":"Abu Dhabi","ImageAds":null,"LinkAds":null,"Default":false,"Splash":null,"SplshText":null,"SplashAds":null,"SplashAdsLink":null,"EventDates":[{"Day":"2022-02-18","Hour":"08:00","Year":"2022"},{"Day":"2022-02-19","Hour":"08:00","Year":"2022"},{"Day":"2022-02-20","Hour":"08:00","Year":"2022"}],"Fucilties":[{"Image":"9e4b4802f9dc445e875021d0a2acb2c7.png","Id":1067},{"Image":"a229d05e8649448abc7e53a12cf532f4.png","Id":1068},{"Image":"596f09da89fb44719af2d9f9ffbea367.png","Id":1069},{"Image":"d69b6e9e8dd740b8bd8813c0b9ca77ae.png","Id":1071},{"Image":"5cbb8d9dda954ef194f5e866e7c3dc2b.png","Id":1072}]},{"Id":23,"Image":"Appnrc.png","Name":"NRC - Addiction Scientific Day","Day":"2022-02-27","Hour":"08:00","Country":"UAE","City":"Abu Dhabi","ImageAds":null,"LinkAds":null,"Default":false,"Splash":null,"SplshText":null,"SplashAds":null,"SplashAdsLink":null,"EventDates":[{"Day":"2022-02-27","Hour":"08:00","Year":"2022"},{"Day":"2022-02-28","Hour":"08:00","Year":"2022"}],"Fucilties":[{"Image":"caa659a5c5dd4bcea51ac385b402fb2a.jpg","Id":1095},{"Image":"ce27ae24c6fc4ec1af3582cff8ce93bb.jpg","Id":1096},{"Image":"0ed608f3c0344507b763d6e8b9550de0.jpg","Id":1097},{"Image":"ebc43c4a5e3041c7b57fab99767614c3.jpg","Id":1098},{"Image":"4dd26faca1e94725a97a2c9c905f3768.png","Id":1099}]},{"Id":24,"Image":"cc559d4b15bf476089523c84137d3807.png","Name":"11th SEHA International Radiology Conference ","Day":"2022-03-12","Hour":"08:00","Country":"UAE","City":"Abu Dhabi","ImageAds":null,"LinkAds":null,"Default":false,"Splash":null,"SplshText":null,"SplashAds":null,"SplashAdsLink":null,"EventDates":[{"Day":"2022-03-12","Hour":"08:00","Year":"2022"},{"Day":"2022-03-13","Hour":"08:00","Year":"2022"},{"Day":"2022-03-14","Hour":"08:00","Year":"2022"}],"Fucilties":[{"Image":"a9d6ab7a71bd413fb71785dd5ac08b32.jpg","Id":1139},{"Image":"nophoto.jpg","Id":1140},{"Image":"4776f34a943a4551892a4c20230896c4.jpg","Id":1141},{"Image":"8897b1ba696a4f678e90c39301f254d4.jpg","Id":1142},{"Image":"bfad20c5167541c79f507a1383b2baa1.jpg","Id":1143}]},{"Id":25,"Image":"615139f86c6c410cad1c38726cf67737.png","Name":"Mayo Clinic International – SSMC Congress in Gastroenterology and Hepatology, 18-19 March, 2022","Day":"2022-03-18","Hour":"08:00","Country":"UAE","City":"Abu Dhabi","ImageAds":null,"LinkAds":null,"Default":false,"Splash":null,"SplshText":null,"SplashAds":null,"SplashAdsLink":null,"EventDates":[{"Day":"2022-03-18","Hour":"08:00","Year":"2022"},{"Day":"2022-03-19","Hour":"08:00","Year":"2022"},{"Day":"2022-03-20","Hour":"08:00","Year":"2022"}],"Fucilties":[{"Image":"29a308789af54a37928606350a17db10.png","Id":1240},{"Image":"72bd0aa5baf84116aa39f480b0710cf0.png","Id":1241},{"Image":"10e52707756044228bdcb2c2098284ee.png","Id":1242},{"Image":"0fce59ab6dae4676a28224bddca5a465.png","Id":1243},{"Image":"71884cde532c4966bb0a189d8ea0485c.png","Id":1244}]},{"Id":26,"Image":"50c3bbc561af4eeb8ad2457219001569.png","Name":"16th SEHA International Pediatric Conference (SIPC 2022)",
 "Day":"2022-03-25","Hour":"08:00","Country":"UAE","City":"Abu Dhabi","ImageAds":null,"LinkAds":null,"Default":false,
 "Splash":null,"SplshText":null,"SplashAds":null,"SplashAdsLink":null,
 "EventDates":[{"Day":"2022-03-25","Hour":"08:00","Year":"2022"},{"Day":"2022-03-26","Hour":"08:00","Year":"2022"},
 {"Day":"2022-03-27","Hour":"08:00","Year":"2022"},{"Day":"2022-03-28","Hour":"08:00","Year":"2022"}],
 "Fucilties":[{"Image":"290da6e63ab34a759d2285f857cc9557.jpg","Id":1280},{"Image":"bdcb7a7aaf1b4ebdad2b8f5003594340.jpg",
 "Id":1281},{"Image":"155932a99e7d46deae80417ba5ebe57b.jpg","Id":1282},{"Image":"489439efa3d64e868f5f839aa8af3638.jpg",
 "Id":1283},{"Image":"138a92f86836423b9cfeea79b81f29f0.jpg","Id":1284}]},
 {"Id":27,"Image":"d1233851922c47aeae81d7449a2363dd.jpeg","Name":"Corniche Hospital International Conference; Updates in Women's Health & Perinatal Medicine",
 "Day":"2022-09-10","Hour":"10:00","Country":"UAE","City":"Abu Dhabi","ImageAds":null,"LinkAds":null,"Default":false,
 "Splash":"08780e54428840619a6378c1122c9092.png","SplshText":null,"SplashAds":null,"SplashAdsLink":null,
 "EventDates":[{"Day":"2022-09-10","Hour":"08:00","Year":"2022"},{"Day":"2022-09-11","Hour":"08:00","Year":"2022"},
 {"Day":"2022-09-12","Hour":"08:00","Year":"2022"}],"Fucilties":[{"Image":"a6053770fece4a92b46369fbf665121a.jpg","Id":1547},
 {"Image":"2a5e1264962145ffa9b25d9c4a4332ec.jpg","Id":1549},{"Image":"af249dc2230a44108c3cf7fa9bab6851.jpg","Id":1550},
 {"Image":"e0dc25624ae44d7cbccb479f740ef64b.jpg","Id":1551},{"Image":"4a103000b3b64a5785b4aeb0ad872580.jpg","Id":1552}]},
 {"Id":28,"Image":"f204b1e2887c40789b33ffd3ef77177b.png","Name":"8th Abu Dhabi International Conference in Dermatology & Aesthetics",
 "Day":"2022-05-20","Hour":"08:00","Country":"UAE","City":"Abu Dhabi","ImageAds":null,"LinkAds":null,"Default":false,
 "Splash":null,"SplshText":null,"SplashAds":null,"SplashAdsLink":null,"EventDates":[{"Day":"2022-05-20","Hour":"08:00",
 "Year":"2022"},{"Day":"2022-05-21","Hour":"08:00","Year":"2022"},{"Day":"2022-05-22","Hour":"08:00","Year":"2022"},
 {"Day":"2022-05-23","Hour":"08:00","Year":"2022"}],"Fucilties":[{"Image":"940b96514930494bab3873fccab6b004.jpg","Id":1639},
 {"Image":"2678ce23ad3749a9b5b7cc8ed0dc917f.jpg","Id":1640},{"Image":"91d880095f814fbea497e12a946ff71a.jpg","Id":1641},
 {"Image":"7d509d486dfe4d1495b936392ff931d4.jpg","Id":1642},{"Image":"b10d4e82858b41669b39c56d6355608d.jpg","Id":1643}]},
 {"Id":29,"Image":"7f49b1131ac84dce86b4487fe55c83e7.jpg","Name":"1st Emirates Pediatric Bone Marrow Transplant Congress (EPBMTC) ",
 "Day":"2022-05-27","Hour":"08:00","Country":"UAE","City":"Abu Dhabi","ImageAds":null,"LinkAds":null,"Default":false,
 "Splash":null,"SplshText":null,"SplashAds":null,"SplashAdsLink":null,"EventDates":[{"Day":"2022-05-29","Hour":"08:00",
 "Year":"2022"},{"Day":"2022-05-30","Hour":"08:00","Year":"2022"}],"Fucilties":[{"Image":"9088d6eaf7794a4e9472429c4a311e20.png",
 "Id":1711},{"Image":"f696bad930b9414980c3d4542c4d477d.jpg","Id":1712},{"Image":"73f2ffc2aa424db98f1812cfcde9d610.jpg",
 "Id":1713},{"Image":"cd59e38c35344d91a9413983bee427ac.jpg","Id":1714},{"Image":"1274093224c744d283548162bc86debe.jpg","Id":1715}]},
 {"Id":30,"Image":"eabe5c6e3e524d50afb81bce73573d8f.jpg","Name":" University of Chicago International Conference on Organ Transplant",
 "Day":"2022-06-11","Hour":"08:00","Country":"UAE","City":"Abu Dhabi","ImageAds":null,"LinkAds":null,"Default":false,
 "Splash":"ade689d9d8a84cf497c2c34ecf052d96.jpg","SplshText":null,"SplashAds":null,"SplashAdsLink":null,
 "EventDates":[{"Day":"2022-06-11","Hour":"20:00","Year":"2022"},{"Day":"2022-06-12","Hour":"20:00","Year":"2022"}],
 "Fucilties":[{"Image":"7bc19be625384a33ab9f65ac3d3222d8.jpg","Id":1761},{"Image":"b78cb770af5442f7b745ede5bf111397.jpg",
 "Id":1762},{"Image":"340b3aef2725494fad39d0201ab24b22.jpg","Id":1763},{"Image":"80a0498e13dc4c3da8c0a972165594e6.jpg",
 "Id":1764},{"Image":"c80407a5645d4b3092585aa38507cf10.jpg","Id":1765}]},{"Id":31,"Image":"254ca6afefb7472d9c724d3012740c99.png",
 "Name":"International Conference on Hemophilia and Rare Bleeding Disorder","Day":"2022-09-24","Hour":"08:00",
 "Country":"UAE","City":"Abu Dhabi","ImageAds":null,"LinkAds":null,"Default":false,
 "Splash":"06f8f23aff094666807ea30ce307d879.png","SplshText":null,"SplashAds":null,"SplashAdsLink":null,
 "EventDates":[{"Day":"2022-09-24","Hour":"08:00","Year":"2022"},{"Day":"2022-09-25","Hour":"08:00","Year":"2022"},
 {"Day":"2022-09-26","Hour":"08:00","Year":"2022"}],"Fucilties":[{"Image":"638f9c93053645769606a6aa71614111.jpg","Id":1783},
 {"Image":"e02a352f194b465296a07c366b494b1b.jpg","Id":1784},{"Image":"c5d78e1078a1471b8d2b72c096eb6650.jpg","Id":1785},
 {"Image":"73c43ac36df9466a9aa0d595298531d7.jpg","Id":1786},{"Image":"b1f3d75f3e7f4596b0601c4614c19b27.jpg","Id":1787}]},
 {"Id":32,"Image":"3f050d145cd54825a1e6f6bb536f9e2a.png","Name":"9th Abu Dhabi Annual International Conference on Vitamin D Deficiency and Human Health",
 "Day":"2022-10-07","Hour":"08:00","Country":"UAE","City":"Abu Dhabi","ImageAds":null,"LinkAds":null,"Default":false,
 "Splash":"8647da2c323c46269dd48ee6295a275b.png","SplshText":null,"SplashAds":null,"SplashAdsLink":null,
 "EventDates":[{"Day":"2022-10-07","Hour":"11:00","Year":"2022"},{"Day":"2022-10-08","Hour":"11:00","Year":"2022"},
 {"Day":"2022-10-09","Hour":"11:00","Year":"2022"}],"Fucilties":[{"Image":"a0881b8cc03a47ecbbe6bc43ddbd530d.jpg","Id":1839},
 {"Image":"efefdca642a849bd85e500247fe0b84a.jpg","Id":1840},{"Image":"241a659325d2444b9a714cbfc10999ce.jpg","Id":1841},
 {"Image":"39db000ced214171a1fe8ba4dcd0f870.jpg","Id":1842},{"Image":"499896e6f6504387823997404d699bf1.jpg","Id":1843}]},
 {"Id":33,"Image":"3ec6ab8767c9469885b18220dcd9d417.jpeg","Name":"21st World Congress of the International Society on Toxinology",
 "Day":"2022-10-16","Hour":"14:00","Country":"UAE","City":"Abu Dhabi","ImageAds":null,"LinkAds":null,"Default":false,
 "Splash":"8e4db888c97740c883589510dca72416.png","SplshText":null,"SplashAds":null,"SplashAdsLink":null,
 "EventDates":[{"Day":"2022-10-16","Hour":"14:00","Year":"2022"},{"Day":"2022-10-17","Hour":"08:00","Year":"2022"},
 {"Day":"2022-10-18","Hour":"08:00","Year":"2022"},{"Day":"2022-10-19","Hour":"08:00","Year":"2022"},{"Day":"2022-10-20",
 "Hour":"08:00","Year":"2022"},{"Day":"2022-10-21","Hour":"08:00","Year":"2022"}],
 "Fucilties":[{"Image":"e612990990f049bdb71c64919f565490.jpg","Id":1894},{"Image":"c28dd6f1eed14fcea7530685a300934a.jpg",
 "Id":1895},{"Image":"b84444a121fb4bbd9d31131fc8b2fcad.jpg","Id":1896},{"Image":"1fb3da761e6c4d6a9d2ae243e52e3040.png","Id":1897}
 ,{"Image":"c5e777f0c47140ca8a6bab5eda439b35.png","Id":1898}]},{"Id":36,"Image":"9683958ab56d432cb163b2721b38b673.jpg",
 "Name":"1st International Middle East Fetal-Neonatal Cardiovascular Disease Conference ","Day":"2022-10-28",
 "Hour":"08:00","Country":"UAE","City":"Abu Dhabi","ImageAds":null,"LinkAds":null,"Default":false,
 "Splash":"065b3a70533b475d82576b9a7025efaa.png","SplshText":null,"SplashAds":null,"SplashAdsLink":null,
 "EventDates":[{"Day":"2022-10-28","Hour":"08:00","Year":"2022"},{"Day":"2022-10-29","Hour":"08:00","Year":"2022"},
 {"Day":"2022-10-30","Hour":"08:00","Year":"2022"}],"Fucilties":[{"Image":"5539dba422414ac9b4d63549530ec5d3.jpg","Id":2045},
 {"Image":"359355630fba4926b66a68dcbda6e24c.jpg","Id":2046},{"Image":"ef478ff0d09245859679abdc388cadf8.jpg","Id":2047},
 {"Image":"5b4af593da714e25b65fae5feaaecb0d.jpg","Id":2048},{"Image":"f57e754264774db689b54535a71201fd.jpg","Id":2049}]},
 {"Id":38,"Image":"e642150ab8864054a2f944e9001bac94.png","Name":"2nd Annual Complex Care at SSMC in Partnership with Mayo Clinic: A Case-Based Approach",
 "Day":"2022-12-11","Hour":"08:00","Country":"UAE","City":"Abu Dhabi","ImageAds":null,"LinkAds":null,"Default":false,
 "Splash":"f222cabbac2247c195b58baa0d63c4bd.png","SplshText":null,"SplashAds":null,"SplashAdsLink":null,
 "EventDates":[{"Day":"2022-11-12","Hour":"08:00","Year":"2022"},{"Day":"2022-11-13","Hour":"08:00","Year":"2022"}],
 "Fucilties":[{"Image":"1d28a91b4fdf46e6a0d5c0fd71a62583.png","Id":2153},{"Image":"2201da4fc6a145b29392275c27453c0f.jpg",
 "Id":2154},{"Image":"b66eaadef719472c853a432fa378df29.png","Id":2155},{"Image":"16f2513fd1694595ac1d74bbd4bb4b3d.png","
 Id":2156},{"Image":"ce906eedaceb46a0952a8ffbb59f5450.png","Id":2157}]},{"Id":39,"Image":"ba0b959317734a4fba3983b19d7388e0.png",
 "Name":"The International Conference for Initiatives on Organ and Tissue Donation and Transplantation","Day":"2022-11-08",
 "Hour":"08:00","Country":"UAE","City":"Abu Dhabi","ImageAds":null,"LinkAds":null,"Default":false,
 "Splash":"79a00c738283445893d5e147ef3f3bb8.png","SplshText":null,"SplashAds":null,"SplashAdsLink":null,
 "EventDates":[{"Day":"2022-11-07","Hour":"08:00","Year":"2022"},{"Day":"2022-11-08","Hour":"08:00","Year":"2022"},
 {"Day":"2022-11-09","Hour":"08:00","Year":"2022"},{"Day":"2022-11-010","Hour":"08:00","Year":"2022"}],"Fucilties":[]}]} 